Username,Cluster
a23r11a6710,0
a93951230,0
a_pendov,0
aa_761028,0
abanoubsamy_1,0
abdogad,0
abdulazizhany,0
abhay5055,0
abhishek529,0
abnelsayed,0
abo_wahbaz,0
abrar0786,0
ac_automation,0
achyuta22,0
ackinglj,0
ad_34567,0
adarshauz67ek,0
adham_101,0
adibsyam,0
admin123123,0
adsingh123,0
ahmed_bahy,0
ahmed_sakib123,0
ahnaf_063,0
aigeniusg0ukr,0
ainetbmmtf5c7,0
aishwarya2712,0
akash251224,0
akkisinghvi28,0
akosh,0
aksharak1,0
akshay_513,0
akshaya9806,0
akshaya_r,0
akshayshil_19,0
akshitha_69,0
akshitha_b6,0
akuba,0
ale_shio31547,0
alexsense1,0
alman,0
alvin0603,0
ammahmed004,0
amreenshaik01,0
anish5656,0
anjith_5,0
anubhav448,0
apoorv_1345,0
aquele_b0t,0
aravind6301,0
archiv9prince,0
arifa_iffat,0
arkarphyo1431,0
arman_singh_,0
arpit_dwivedi,0
arrakis,0
arturrodrigues,0
asfghjkjhh_13,0
ashraful_toni,0
ashsihs41,0
ashwaniv,0
asi098,0
asingh03,0
askl1007,0
asvaannn,0
aswitha24,0
axuuuu,0
ayhamzaidd,0
ayman_zakaria,0
ayushsharma01_,0
azesx,0
b_navya,0
bahula_29,0
banothramesh,0
baraa_sh02,0
bbbymz,0
bbi5291,0
beacon_04125,0
belal_hendi28,0
benazir_10,0
benjamin_jin,0
benzzzzz,0
bestmonkey,0
beyond_god,0
bha_rathy_12,0
bhanuvedith,0
bhavish05,0
bhbjzyh,0
biberdolik,0
biryani70,0
bishoy_effat30,0
bkushal06,0
black_third,0
blazinglyfast,0
blueqwq,0
bodlavaishnavi,0
bombaclatic,0
borbollete,0
bossixd,0
botwizardr5u,0
boyofkutbilim,0
bruh555,0
buibui84,0
caolam_bkno1,0
catb0y,0
cbw,0
cccsar,0
cele2025,0
celia_ygxz,0
cf_7,0
cforrest,0
chaag_us729,0
chaithra_15,0
chandu_v20,0
charcinogen,0
charithareddy_,0
chatok_jr,0
chen_83,0
chen_z,0
chenhaoqi,0
chenweizhen,0
chetan_776,0
chitra1234,0
cly312,0
coach_kai,0
code_atheist,0
code_struck,0
coderjory,0
coderohero10,0
codingfrog,0
coduckstudent,0
comman346,0
conghuaan,0
controlcoder,0
cpam_no_x,0
cqbzcjh,0
cqbzlch,0
crazything,0
creator_coder,0
csaszargellert,0
ctrl_shift,0
ctrlalt,0
cunguyem,0
cuonghx_23,0
cyb3rbolt,0
cynqwq,0
czmo,0
daffazaidan,0
danendraaa,0
daniel081024,0
daniel_xu,0
danijm,0
darkninjaez,0
datxaban,0
davidfashion,0
deepak_1724,0
deepwizardlu,0
deerpeach,0
delete_,0
delusional84,0
denilb,0
derryl0925,0
dert,0
devanshnair_05,0
dhanush_1122,0
dharavivek,0
dimanoti,0
dinesha0708,0
dineshkumar25,0
dingwenzheng,0
dirty_code,0
diyah999,0
doanminh2003,0
dongpro3lol,0
drts123,0
dsl_888,0
dumdum_26127,0
dungnq28,0
duong_khai1104,0
dvsteja_teja,0
dxworlds,0
eagleeyeraider,0
eason_ac,0
edsel_2007,0
emmoy,0
eniustj2gs,0
enosh12345,0
eraserhd,0
ernet4awdb8zq0,0
eruditee,0
eslam_taha74,0
et723gejrntx,0
ethan_8,0
euralsynapse67,0
extremejojo,0
eyadh111,0
farinsyed5,0
fbw2010,0
ferzen_289_a,0
ffuentesq,0
fire_wolf,0
fu_hua2008,0
fuad_88,0
g_sravani,0
gabee,0
gabriel986,0
galeeb_1,0
gamax01,0
ganaa0124,0
garvgupta_2005,0
garvit_goyal,0
garvitjain_27,0
garvitsoni2004,0
gaurav_agarval,0
gauriphatate,0
geburah,0
geetha_1116,0
ggc114514,0
giaminhha,0
godsent,0
goelshivam15,0
gongx,0
goodans,0
gopy2745,0
gr_23241a66a0,0
greggy55,0
grinnfi,0
guanyu,0
guoyitao,0
guvvaramasri12,0
gwbailang,0
haling,0
halogenbr,0
hamed_,0
hard2kill,2
harikabezawada,0
harini_reddy5,0
harsha_2311,0
harshini860,0
harshitha_0316,0
hbdcsd,0
hemal_24,0
hemanth_44,0
hemuzhou666,0
heqr69,0
hidapeng1,0
hidapeng2,0
himanshu_4081,0
hisham10,0
hjxhjx,0
hkw0202,0
hocln,0
homieq,0
hotieuyeu,0
htthtt10t1,0
huanghansheng,0
huangleyi,0
hukaihan,0
humblefool25,0
huongnguvkl123,0
hussain_m,0
hutao_liuying,0
huy2162236164,0
hydro_bot1,0
hyj0529,0
hyk2019,0
hzfsbit,0
hzlqwq,0
iancunha,0
ice_math_cat,0
idklyn,0
ingo_dtw,0
intlzj,0
ishandutta2007,0
ism_00,0
ismail_anjri,0
itzxianfish,0
izard6611unu,0
izardrgbweo2yj,0
j0nathannnn,0
jadhavpragnya,0
jai_hanumant,0
james122,0
jami_2006,0
jamuna8,0
janlitwim,0
jdo,0
jeca1313,0
jellysnax,0
jf72,0
jhuma_saha2707,0
jihadmia,0
jmendoza2008,0
josehartonok,0
joseph_22,0
joshua_9,0
jrr2n8ptwoly,0
juanpiiiii,0
juveriyaaa,0
juwkim,0
jyothirmai_03,0
jyq16307130316,0
k_rajeshwari,0
k_srikanth969,0
kahoul,0
karn22,0
karthika_21,0
kartik1,0
kasa,0
kasrarouhi,0
kaushlesh,0
kavyagoud,0
kdb17,0
keen_stark,0
keerthana17,0
keerthana4c4,0
khaled100k,0
khoavo1010190,0
kianakaslana,0
killerdon007,0
kimi_,0
king2011,0
kl2300030604,0
kl_2300030341,0
klu2300030103,0
klu2300030244,0
klu2300030375,0
klu2300030945,0
klu2300030965,0
klu2300031222,0
klu2300031302,0
klu2300031662,0
klu2300031957,0
klu2300032723,0
klu2300032877,0
klu2300033126,0
klu2300033327,0
klu2300080291,0
klu_2300030667,0
klu_2300032944,0
klu_2300040332,0
kohlaaa,0
kongmda,0
koppera_anu,0
kore_nihar,0
koushal_31,0
kpeti962,0
krishdua312,0
krishna_53,0
ks_6653740,0
kthuan,0
kuba935,0
kubo,0
kunalyad,0
kunjallll,0
kusumithasajja,0
l_13579,0
lacloi2008,0
lakshaydahiya,0
lalaouye,0
lalith_chandra,0
lamthientai,0
lananhsds,0
lanmi7,0
laoshan_plus,0
laurahujyg,0
lc20110802,0
legend17vikram,0
legiahuy1902,0
lemon_qwq,0
len2910,0
lenginemb4v4,0
lenotfound,0
leoanholetto1,0
lf22553,0
lhz2022launch,0
li2021,0
liaojianan188,0
liaozixuan,0
lijunze12,0
linhaoyu2005,0
liruixiong0101,0
lisop9527,0
littleeuler,0
liujjjj_123,0
liuqiuyu,0
lizihanak,0
ljw,0
llljjjxxx,0
lmx111,0
lnan,0
logic_spren,0
lol_12,0
loli_lover,0
longpham,0
longstone,0
louhao088,0
louis_66,0
lovely_bastard,0
lrnbqf,0
lsonzogni,0
lucyna_,0
luke_20100620,0
luke_xiao,0
lunana_425,0
luogu_bot1,0
luohuanqi,0
lurkinshadow04,0
lxy2000,0
lyzc0dr,0
lzq1001945037,0
m0use,0
m1ao_,0
madares_ares,0
madhujya,0
madu_varshitha,0
magno20_,0
mahima_01,0
mahmoud_atia,0
malhar_17,0
manasakurra11,0
manasku,0
manaswi_06,0
manemsanawi,0
manikanta942,0
manisha19,0
manshi5,0
manthan0x23,0
manvitha_552,0
marcin_09,0
marco_t312,0
martnethpeyq,0
masud_abdullah,0
matjaz,0
mauricio_7,0
mayank98,0
mayonnaise,0
mazen001122,0
mca_qop,0
mcj2009,0
md_atik,0
md_rashed,0
mdlmq2,0
mdolchik,0
medem_praveena,0
medha_reddi,0
meenakshi_11,0
meowcneil,0
mhmd_khaled,0
michaicute,0
michelle_c15,0
minhddtqg,0
minhduca2k53,0
minhznz,0
misconceptor,0
mjanakiramudu,0
mn__nur_,0
mnexussha9vyo6,0
mnh_dcc,0
mocaa,0
mohamed_walied,0
mohanakeerthid,0
mohdaslan,0
mohit_lakra_1,0
mohitdmark,0
molotov0916,0
monkeycoder007,0
moonbeakk,0
mostafa_12006,0
mostafa_alaa99,0
moudud,0
moufmahmalat,0
mraisadlani,0
mrdeboo,0
ms088,0
ms2052001,0
mt19937,0
mugdha_2006,0
mukim,0
muktorfm,0
musheera_20,0
muskankumawat,0
mustafa_136,0
muzi_sss,0
mv_mohit_kumar,0
mwarith_0,0
myx2005,0
myy114514,0
mzn,0
n_rishitha,0
nabilazw,0
nafeesaabdul,0
nameless6,0
namitha6670,0
nandan_2910,0
nandhini23_m,0
narayanrai,0
narekbb,0
near_crowd,1
nginew4xra,0
nguyen_tu_2004,0
nguyenmui_03,0
nguyenqt,0
nibingdong,0
nickname24,0
nightfork,0
nik4o,0
nikhil1226,0
nikhilsingh99,0
nilson_cesar2,0
nimade,0
nish_25,0
nithin_004,0
nithin_006,0
njshaoran,0
nmduc0308,0
nmp100504,0
nofate88,0
nomadofnowhere,0
notyourtype,0
ntdat_2008,0
ntnhan_2005,0
ntumenginef,0
numbdigger,0
o06660o,0
og_matveychick,0
omar_adelll,0
omarehab0,0
omind9paepbue,0
p23r01a66l1,0
parameshwar30,0
paronmanukyan,0
pavan2358,0
pavani03,0
pavani3015,0
pavithraa_12,0
peravenkatasai,0
petrark,0
pg_mazen,0
philoessam28,0
piantouqu_qaq,0
pithoriya,0
pj_viper,0
platinumakr,0
pnetr75uzw,0
ponyhex,0
poojitha_5j0,0
postmortem,0
potrulahari02,0
prabhatchauhan,0
pranathi08,0
pranay_06,0
pranyawadhwa,0
prasanna2104,0
prateekyadav,0
premlohit00738,0
prince_raj123,0
professor_123,0
punarvitha9,0
pva_02_03_25,0
pvssvinay,0
pyaxol,0
qbon98,0
qlj_,0
quangminh11,0
quangvinh2006,0
quannguyen2009,0
r_23r01a66p8,0
rabiulruhan,0
rahulbhandari1,0
rajesh_2028,0
rajiun_nabi,0
rakesh000,0
ramrakshith,0
rania__,0
ranimanda,0
rashi_235,0
rasmi_teja13,0
razielo7,0
reeshmanth27,0
renam,0
renjunxin0721,0
restricteur,0
return_zer0_,0
revanth2408,0
richard_w,0
rijwan01,0
rinn,0
rishitha6274,0
rithika_2103,0
rithish86,0
rithish__s,0
ritikash06,0
rohith_2822,0
ron_pro_24,0
rootcucu,0
rose_,0
roshan_baka_,0
rounak1122,0
rupakbis,0
rxiang,0
s21c058b,0
s_23r01a0587,0
s_adithya_redd,0
s_gowri01,0
sabino1,0
sabnak_21,0
sachin_8125,0
sadek_,0
saethusai,0
safuwanshiblee,0
sagarexpertt,0
sahithi_05,0
sai_kiran_95,0
sai_kiran__,0
saimani15,0
saimounika_p,0
saitamapunches,0
sajabd,0
salemi1,0
sam_24r01a05a2,0
sam_y,0
sampa_hugo29,0
samsritha_2703,0
sanagala_adi,0
sanan0ahmd_khn,0
sandhyarani_76,0
sandrahany,0
sanila,0
sanjusri05,0
saquibshamshi,0
sarayu_7,0
sariel001,0
sarthak22,0
sasichowdary22,0
satyasrivemana,0
saya1cad,0
scaxhappy,0
seele_yyds,0
seif_harb,0
seif_lashin1,0
sergej_t,0
serioton_spoj,0
settop,0
sevicjan,0
sfsdaf,0
sha_1369,0
shahd_1,0
shalem_007,0
shalltear,0
shanec5303,0
shawliu,0
shendengbo,0
sherlock993,0
sherlock_holms,0
shikanoko,0
shinron101993,0
shiva_ram0071,0
shivam933401,0
shivam__17,0
shivani30,0
shivani_0533,0
shivaspoorthi,0
shivendu_123,0
shraddha1906,0
shresta_163,0
shreyasparangi,0
shruthika_s,0
shubh_titan,0
siana,0
siddhesh_17,0
silent_attack,0
simes,0
singhudit0607,0
siri_672,0
sizen1,0
sk86,0
skazi,0
skrishnasri123,0
smartcore1qu,0
smasanta,0
smso,0
snehith_,0
snp2001,0
somadheeraj,0
someshbiswal15,0
someyoguy,0
sonnguyen_299,0
sontosh37271,0
sowmya_spoj581,0
spandana23,0
spandana_ganji,0
spawnpoint,0
spoj_vp,0
spojuuaja,0
spojzero728,0
sr_shan007,0
sravan007,0
sravani_1406,0
sree_2003,0
sreejanya_39,0
sreekari099,0
sridhar_1233,0
srikrishna_07,0
srilakshmi34,0
srubokrent,0
srujan5564,0
ssmy,0
star_heart666,0
stars_sea_sy1,0
stef_bart,0
subham_0_2,0
sujayreddy2212,0
sundar_2022,0
sunitha2006,0
superbeetle,0
surendra_992,0
suryakiran_10,0
sushant_4599,0
sushanth_2111,0
sushantsangwan,0
sushmitha_79,0
susi_45,0
suzon,0
swaroopa66p9,0
sweetchild,0
sycoinferno24,0
syed_raza,0
sz_jinzikai,0
t0meh,0
t_advith18,0
tai_250109,0
taly,0
tanjiaqi,0
tazvir_setiz,0
tealfish,0
tejasree23,0
tempestissimo,0
templateclass,0
th4n4t05,0
thanhlong_225,0
thanhpc,0
the_tool_er,0
thenotoriousl,0
theshumo,0
thirupathi24,0
thomas0218,0
thrisha_2007,0
tian123456,0
tianbang,0
tianyi1007,0
tienthanh214,0
tirtamedal2025,0
titpixel,0
tlillysanjana,0
tnexussahshga,0
tobi_45,0
tosakaucw_000,0
tothesky,0
trailblazer_01,0
ttluczek,0
tuddi,0
tungk32a,0
tymzzh_01,0
uci_016,0
uday_kiriti,0
ujwala_09,0
undertale123,0
upmadosa,0
user_3,0
utkarsh3125,0
uyenht,0
v1gnesh3_shar,0
v_suveeksha,0
vackojacko,0
vaibhav_aditya,0
vaish_navi_20,0
vaishnavi_832,0
valli_23550,0
vamshi_27,0
vanamsen,0
vanecvo1,0
vanshika_2107,0
varshini_0708,0
varun_310,0
varun_34523432,0
varunch3705,0
vedagiricharan,0
vennam_jyothi,0
vennela_j,0
venu_90,0
vignesh06,0
vignesh190904,0
vikaschahar80,0
vimoslavchev,0
vinay547,0
vinaypk,0
vincent0001,0
vineela_2305,0
vineet_0812,0
vinnnk,0
vinupreethi93,0
vishnu_232,0
vishnupriya_05,0
vishukalier007,0
vk_23r01a05f2,0
vladimir050,0
vocula,0
vuatrochoi51,0
vudtha_harika,0
vuminhduc2k4,1
vuvu43,0
vyshnavi_89,0
vyshnavi__05,0
w132326820,0
wahab,0
wanganze,0
wanghanyu,0
wanghaoning123,0
wangtairan114,0
wangyc_0711,0
wasif_099,0
wenqizhi,0
wenrenjie,0
wertry,0
wfhfaqfxy,0
whee,0
whg,0
wizard_pranoy,0
wjyppm666,0
woshidashabi,0
wraithklu,0
wrobel1,0
wsc_666,0
wsrjason,0
wsy_jim,0
wtf1,0
wuyifanfan,0
ww3733a,0
wy_l2026,0
wyc_is_123,0
wyf1202,0
x1007,0
xianghao,0
xiaofu15191,0
xiaopangfeiyu,0
xierunyu,0
xiexie,0
xingyue,0
xjm_fsx01,0
xlk,0
xplor,0
xtof_durr,0
xuanxuan520,0
xuxizhe0104,0
xvchongyv,0
xxboyxx,0
xzy_ak_ioi,0
yangdezuo,0
yasaswini_2924,0
yassinsamir,0
yaswanth_23,0
ydy0615,0
yeshwanth9py,0
yinhe,0
yjk,0
yogi129,0
yogi__0505,0
yolandaadp,0
younes_dwai,0
yr409892525,0
yusuf_khaled,0
yuusha_25,0
ywk2003,0
yyz20101208,0
z__112233,0
zarcx,0
zcj_2009,0
zdy46567,0
zengyongxu,0
zengziqvan,0
zeyuan666,0
zhanghm,0
zhangshirui,0
zhangyide,0
zhanshihui,0
zhaoxiyin1,0
zhaoyongxi0515,0
zhaozeyu123,0
zhenan9052,0
zhiye,0
zhlzt,0
zhoukker,0
zhutongxuan,0
zjzhe,0
zorahk,0
zskioaert1107,0
zslkvnse,0
zyad_elnaghy,0
zzy_vector,0
