Username,streak_length,resolved_at,problem_code
abdulazizhany,3,2025-08-20 03:06:58,NHAY
admin123123,3,2025-08-22 09:46:21,GSS3
asingh03,5,2025-08-22 02:42:36,MARBLES
ayman_zakaria,3,2025-08-23 21:15:28,STPAR
baraa_sh02,3,2025-08-23 08:40:54,NHAY
cele2025,5,2025-08-19 16:18:06,BITMAP
chatok_jr,12,2025-08-25 20:08:11,QTREE2
coduckstudent,5,2025-08-20 13:26:35,FREQUENT
coduckstudent,3,2025-08-20 13:31:41,FREQUENT
ctrl_shift,5,2025-08-21 03:51:28,SAM
eagleeyeraider,4,2025-08-19 10:03:40,PT07X
ganaa0124,11,2025-08-21 15:06:41,SUPPER
gongx,3,2025-08-19 12:49:00,HIGH
halogenbr,3,2025-08-24 14:40:31,QTREE2
harshini860,4,2025-08-24 14:37:50,PALIN
hkw0202,3,2025-08-25 06:21:56,GSS1
hyk2019,7,2025-08-20 15:07:14,GEN
kdb17,8,2025-08-19 04:10:31,MDST
killerdon007,4,2025-08-25 16:31:44,TEST
kimi_,6,2025-08-20 11:32:02,MUL
klu2300033327,4,2025-08-24 21:04:24,CMPLS
koushal_31,5,2025-08-25 17:17:33,AGGRCOW
liuqiuyu,12,2025-08-25 05:48:14,LITELANG
lovely_bastard,10,2025-08-22 18:49:22,DISUBSTR
lsonzogni,10,2025-08-19 08:13:30,FISHER
lyzc0dr,7,2025-08-25 09:54:22,MATSUM
m0use,4,2025-08-24 12:36:44,ONEZERO
minhddtqg,3,2025-08-24 04:47:09,PON
myx2005,5,2025-08-24 10:23:30,SERVICE
near_crowd,114,2025-08-21 21:25:02,SUDOKU
nickname24,3,2025-08-18 23:37:56,PRINT
nightfork,11,2025-08-21 15:21:23,CUTSQRS
notyourtype,12,2025-08-23 14:42:54,TOE1
o06660o,3,2025-08-25 13:02:46,CABLETV
omar_adelll,3,2025-08-23 16:31:23,STPAR
petrark,5,2025-08-20 00:34:34,BITMAP
philoessam28,3,2025-08-25 01:39:02,PT07Y
piantouqu_qaq,3,2025-08-25 05:35:25,LITELANG
pj_viper,4,2025-08-23 09:02:43,AIBOHP
serioton_spoj,6,2025-08-19 21:09:25,CHICAGO
shubh_titan,4,2025-08-19 09:44:14,CZ_PROB1
siana,8,2025-08-23 14:51:56,PT07Z
sreejanya_39,3,2025-08-24 11:07:14,ACODE
sreekari099,3,2025-08-19 08:20:42,FASHION
sushantsangwan,3,2025-08-22 09:44:48,NSTEPS
thenotoriousl,3,2025-08-25 20:30:06,TEST
tlillysanjana,8,2025-08-20 06:49:41,TOUR
vikaschahar80,5,2025-08-21 08:26:51,BLINNET
vuatrochoi51,3,2025-08-25 12:47:09,BITMAP
vudtha_harika,4,2025-08-23 08:04:00,WORDS1
wangyc_0711,6,2025-08-20 10:58:49,SCUBADIV
whg,3,2025-08-19 16:39:39,FREQUENT
woshidashabi,7,2025-08-25 07:59:53,INTERVAL
x1007,5,2025-08-24 03:57:58,EQBOX
x1007,6,2025-08-24 04:22:09,EQBOX
xierunyu,12,2025-08-23 16:46:51,INTERVAL
yassinsamir,3,2025-08-21 05:44:52,TOE2
yassinsamir,8,2025-08-21 06:11:18,TOE2
yeshwanth9py,13,2025-08-19 11:14:03,FISHER
yeshwanth9py,4,2025-08-21 21:51:06,IKEYB
yeshwanth9py,3,2025-08-22 21:46:09,JRIDE
yyz20101208,4,2025-08-21 13:52:34,SUBST1
zhiye,4,2025-08-22 09:47:01,GSS3
zhutongxuan,6,2025-08-23 10:40:05,STORE
